what is the award of <A> ? , <http://dbpedia.org/resource/Barack_Obama>	<http://dbpedia.org/ontology/award>	<http://dbpedia.org/resource/Nobel_Peace_Prize> .
what is the head of <A> ? , <http://dbpedia.org/resource/Barack_Obama>	<http://purl.org/dc/terms/subject>	<http://dbpedia.org/resource/Category:Male_feminists> .
who is the successor of <A> ? , <http://dbpedia.org/resource/Barack_Obama>	<http://dbpedia.org/ontology/successor>	<http://dbpedia.org/resource/Roland_Burris> .
who is the mother of <A> ? , <http://dbpedia.org/resource/Barack_Obama>	<http://dbpedia.org/property/parents>	<http://dbpedia.org/resource/Barack_Obama_Sr.> .
who is the father of <A> ? , <http://dbpedia.org/resource/Barack_Obama>	<http://dbpedia.org/property/parents>	<http://dbpedia.org/resource/Ann_Dunham> .
where is the place of <A> ? , <http://dbpedia.org/resource/Barack_Obama>	<http://dbpedia.org/ontology/residence>	<http://dbpedia.org/resource/White_House> .
what is the party of <A> ? , <http://dbpedia.org/resource/Barack_Obama>	<http://dbpedia.org/ontology/party>	<http://dbpedia.org/resource/Democratic_Party_(United_States)> .
what is the christian of <A> ? , <http://dbpedia.org/resource/Barack_Obama>	<http://dbpedia.org/ontology/religion>	<http://dbpedia.org/resource/Protestantism> .
who is the wife of <A> ? , <http://dbpedia.org/resource/Barack_Obama>	<http://dbpedia.org/ontology/spouse>	<http://dbpedia.org/resource/Michelle_Obama> .
