dbo:Person;;;what is the award of <A> ? ;SELECT ?a WHERE { <A> <http://dbpedia.org/ontology/award> ?a };SELECT ?a WHERE { ?a <http://dbpedia.org/ontology/award> [] . ?a a <http://dbpedia.org/ontology/Person> }
dbo:Person;;;what is the head of <A> ? ;SELECT ?a WHERE { <A> <http://purl.org/dc/terms/subject> ?a };SELECT ?a WHERE { ?a <http://purl.org/dc/terms/subject> [] . ?a a <http://dbpedia.org/ontology/Person> }
dbo:Person;;;who is the successor of <A> ? ;SELECT ?a WHERE { <A> <http://dbpedia.org/ontology/successor> ?a };SELECT ?a WHERE { ?a <http://dbpedia.org/ontology/successor> [] . ?a a <http://dbpedia.org/ontology/Person> }
dbo:Person;;;who is the mother of <A> ? ;SELECT ?a WHERE { <A> <http://dbpedia.org/property/parents> ?a };SELECT ?a WHERE { ?a <http://dbpedia.org/property/parents> [] . ?a a <http://dbpedia.org/ontology/Person> }
dbo:Person;;;who is the father of <A> ? ;SELECT ?a WHERE { <A> <http://dbpedia.org/property/parents> ?a };SELECT ?a WHERE { ?a <http://dbpedia.org/property/parents> [] . ?a a <http://dbpedia.org/ontology/Person> }
dbo:Person;;;where is the place of <A> ? ;SELECT ?a WHERE { <A> <http://dbpedia.org/ontology/residence> ?a };SELECT ?a WHERE { ?a <http://dbpedia.org/ontology/residence> [] . ?a a <http://dbpedia.org/ontology/Person> }
dbo:Person;;;what is the party of <A> ? ;SELECT ?a WHERE { <A> <http://dbpedia.org/ontology/party> ?a };SELECT ?a WHERE { ?a <http://dbpedia.org/ontology/party> [] . ?a a <http://dbpedia.org/ontology/Person> }
dbo:Person;;;what is the christian of <A> ? ;SELECT ?a WHERE { <A> <http://dbpedia.org/ontology/religion> ?a };SELECT ?a WHERE { ?a <http://dbpedia.org/ontology/religion> [] . ?a a <http://dbpedia.org/ontology/Person> }
dbo:Person;;;who is the wife of <A> ? ;SELECT ?a WHERE { <A> <http://dbpedia.org/ontology/spouse> ?a };SELECT ?a WHERE { ?a <http://dbpedia.org/ontology/spouse> [] . ?a a <http://dbpedia.org/ontology/Person> }
